{
  "stages": [
    {
      "stage": "A",
      "iters": 400,
      "lr": 0.01,
      "loss_first": 170.6162567138672,
      "loss_last": 0.4441904127597809
    },
    {
      "stage": "B",
      "iters": 500,
      "lr": 0.005,
      "loss_first": 1.464151382446289,
      "loss_last": 0.8297063112258911
    },
    {
      "stage": "C",
      "iters": 600,
      "lr": 0.005,
      "loss_first": 0.8289535045623779,
      "loss_last": 0.3253406286239624
    }
  ],
  "landmark_rmse_px_static51": 15.159517247490966,
  "per_landmark_error_px": {
    "17": 2.7775887362490694,
    "18": 67.72526080590384,
    "19": 18.82210573115335,
    "20": 28.143580218007404,
    "21": 23.70021843300984,
    "22": 11.136264332813353,
    "23": 21.894010515532877,
    "24": 21.501600421916844,
    "25": 25.004679817414136,
    "26": 12.031555203647649,
    "27": 1.1832548091307564,
    "28": 4.7189975597205995,
    "29": 3.4708358173625746,
    "30": 4.646576793600598,
    "31": 2.2698442477999508,
    "32": 2.130983168339124,
    "33": 10.130831814013781,
    "34": 5.45679401443179,
    "35": 3.9922826614721076,
    "36": 8.327081562651436,
    "37": 4.189353424277534,
    "38": 6.5560429996421865,
    "39": 9.781816684075647,
    "40": 7.492589344733018,
    "41": 3.9761581524470575,
    "42": 7.0578634396742235,
    "43": 13.126384435310278,
    "44": 2.553501690411781,
    "45": 9.011961975265026,
    "46": 2.711467680941388,
    "47": 5.408909588964355,
    "48": 4.631974052736182,
    "49": 4.129982330902922,
    "50": 7.291134895648995,
    "51": 10.945697010510019,
    "52": 24.143243400919417,
    "53": 13.933497566787361,
    "54": 3.352107904535101,
    "55": 5.764503106558899,
    "56": 27.520410844825527,
    "57": 10.118358734862248,
    "58": 5.851111187818482,
    "59": 16.695156531459993,
    "60": 5.20686464488514,
    "61": 5.370446338822671,
    "62": 10.141441635979328,
    "63": 13.996610384010278,
    "64": 2.911263287962508,
    "65": 4.549270377848007,
    "66": 8.444644074505069,
    "67": 7.875126470875268
  },
  "focal_px": 1020.66919836688,
  "contour_used": false,
  "landmark_embedding_source": "self-authored-geometric/2.1 (recon/flame_landmarks.py, clean-room)",
  "template_obj": "ABSENT (pkl-only Open release)",
  "n_vertices": 5023,
  "n_faces": 9976,
  "expected_vertices": 5023,
  "expected_faces": 9976,
  "runtime_s": 17.663135290145874
}